{"cameraMode":{"drawMode":0,"name":"Shaded","section":"Shading Mode"},"sceneLighting":true,"audioPlay":false,"sceneViewState":{"showFog":true,"showMaterialUpdate":false,"showSkybox":true,"showFlares":true,"showImageEffects":true,"showParticleSystems":true},"in2DMode":false,"pivot":{"x":550.4999389648438,"y":259.5000305175781,"z":0.0},"rotation":{"x":-0.011689890176057816,"y":0.0059947362169623379,"z":0.00007006811938481405,"w":0.999915599822998},"size":291.3290710449219,"orthographic":false}