{"cameraMode":{"drawMode":0,"name":"Shaded","section":"Shading Mode"},"sceneLighting":false,"audioPlay":false,"sceneViewState":{"showFog":true,"showMaterialUpdate":false,"showSkybox":false,"showFlares":true,"showImageEffects":true,"showParticleSystems":true},"in2DMode":false,"pivot":{"x":140.01998901367188,"y":57.42999267578125,"z":0.0},"rotation":{"x":-0.04974320903420448,"y":-0.0428362600505352,"z":0.002135670278221369,"w":-0.9978413581848145},"size":102.2024917602539,"orthographic":false}