{"cameraMode":{"drawMode":0,"name":"Shaded","section":"Shading Mode"},"sceneLighting":false,"audioPlay":false,"sceneViewState":{"showFog":true,"showMaterialUpdate":false,"showSkybox":false,"showFlares":true,"showImageEffects":true,"showParticleSystems":true},"in2DMode":false,"pivot":{"x":422.0561218261719,"y":35.18206024169922,"z":3.503875732421875},"rotation":{"x":0.05955100804567337,"y":-0.059262149035930637,"z":-0.0035370264668017627,"w":-0.9964675307273865},"size":55.97713851928711,"orthographic":false}